requestId,source,destination,category,urgency,timeSubmitted,deadline,status
1,26,40,PHARMACY_DISPATCH,5,2026-06-17T05:56:00,2026-06-17T06:56:00,COMPLETED
2,48,9,EQUIPMENT,2,2026-06-07T05:10:00,,COMPLETED
3,30,14,LAB_SAMPLE,5,2026-06-21T19:21:00,2026-06-21T20:21:00,COMPLETED
4,39,14,LAB_SAMPLE,3,2026-06-23T02:05:00,,COMPLETED
5,26,44,EQUIPMENT,4,2026-06-28T07:49:00,2026-06-28T08:49:00,PENDING
6,14,22,LAB_SAMPLE,3,2026-06-22T10:25:00,,COMPLETED
7,24,20,PATIENT_TRANSPORT,2,2026-06-05T21:36:00,,COMPLETED
8,20,33,PATIENT_TRANSPORT,2,2026-06-11T19:05:00,,COMPLETED
9,11,42,PHARMACY_DISPATCH,1,2026-06-18T18:03:00,,IN_PROGRESS
10,23,42,PATIENT_TRANSPORT,1,2026-06-23T01:42:00,,IN_PROGRESS
11,27,14,PHARMACY_DISPATCH,5,2026-06-23T02:37:00,2026-06-23T03:37:00,PENDING
12,29,8,LAB_SAMPLE,4,2026-06-18T00:04:00,2026-06-18T01:04:00,PENDING
13,46,11,LAB_SAMPLE,3,2026-06-13T18:53:00,,COMPLETED
14,6,1,LAB_SAMPLE,5,2026-06-05T22:48:00,2026-06-05T23:48:00,IN_PROGRESS
15,19,43,PHARMACY_DISPATCH,1,2026-06-23T22:09:00,,IN_PROGRESS
16,34,29,LAB_SAMPLE,1,2026-06-28T14:58:00,,PENDING
17,15,39,EQUIPMENT,3,2026-06-08T11:07:00,,COMPLETED
18,36,18,PATIENT_TRANSPORT,3,2026-06-04T05:32:00,,COMPLETED
19,3,2,PHARMACY_DISPATCH,5,2026-06-06T13:51:00,2026-06-06T14:51:00,IN_PROGRESS
20,19,47,LAB_SAMPLE,5,2026-06-05T23:28:00,2026-06-05T23:28:00,IN_PROGRESS
21,39,50,EQUIPMENT,3,2026-06-03T09:30:00,,IN_PROGRESS
22,27,21,PHARMACY_DISPATCH,1,2026-06-16T01:45:00,,IN_PROGRESS
23,30,37,LAB_SAMPLE,5,2026-06-02T03:32:00,2026-06-02T04:32:00,COMPLETED
24,34,4,PHARMACY_DISPATCH,1,2026-06-21T16:34:00,,PENDING
25,7,1,LAB_SAMPLE,1,2026-06-14T08:10:00,,IN_PROGRESS
26,15,3,LAB_SAMPLE,1,2026-06-14T08:32:00,,PENDING
27,48,26,PATIENT_TRANSPORT,4,2026-06-01T03:16:00,2026-06-01T04:16:00,PENDING
28,36,22,EQUIPMENT,2,2026-06-15T14:01:00,,PENDING
29,50,24,LAB_SAMPLE,5,2026-06-13T09:56:00,2026-06-13T10:56:00,PENDING
30,27,15,PHARMACY_DISPATCH,1,2026-06-18T04:29:00,,PENDING
31,36,5,PHARMACY_DISPATCH,2,2026-06-01T00:50:00,,COMPLETED
32,18,36,EQUIPMENT,4,2026-06-12T18:48:00,2026-06-12T19:48:00,IN_PROGRESS
33,19,48,LAB_SAMPLE,4,2026-06-14T17:31:00,2026-06-14T18:31:00,COMPLETED
34,12,37,EQUIPMENT,5,2026-06-25T21:23:00,2026-06-25T22:23:00,PENDING
35,42,11,LAB_SAMPLE,1,2026-06-24T16:05:00,,PENDING
36,48,8,EQUIPMENT,1,2026-06-22T06:54:00,,COMPLETED
37,37,28,PHARMACY_DISPATCH,3,2026-06-04T06:16:00,,PENDING
38,41,45,LAB_SAMPLE,2,2026-06-18T08:53:00,,COMPLETED
39,17,4,PHARMACY_DISPATCH,2,2026-06-06T14:35:00,,IN_PROGRESS
40,47,42,PATIENT_TRANSPORT,3,2026-06-03T21:23:00,,PENDING
41,40,42,EQUIPMENT,4,2026-06-11T03:04:00,2026-06-11T04:04:00,IN_PROGRESS
42,25,10,EQUIPMENT,5,2026-06-13T08:38:00,2026-06-13T09:38:00,COMPLETED
43,8,20,LAB_SAMPLE,1,2026-06-07T07:55:00,,PENDING
44,43,40,PHARMACY_DISPATCH,5,2026-06-01T19:19:00,2026-06-01T20:19:00,PENDING
45,33,48,EQUIPMENT,1,2026-06-07T20:57:00,,COMPLETED
46,47,31,PATIENT_TRANSPORT,3,2026-06-22T01:43:00,,IN_PROGRESS
47,7,48,EQUIPMENT,4,2026-06-20T06:46:00,2026-06-20T07:46:00,PENDING
48,14,13,EQUIPMENT,1,2026-06-10T05:07:00,,COMPLETED
49,3,39,PHARMACY_DISPATCH,5,2026-06-01T22:06:00,2026-06-01T23:06:00,PENDING
50,33,40,EQUIPMENT,4,2026-06-06T00:14:00,2026-06-06T01:14:00,PENDING
51,24,36,PATIENT_TRANSPORT,1,2026-06-19T15:22:00,,IN_PROGRESS
52,13,43,EQUIPMENT,3,2026-06-08T22:13:00,,PENDING
53,35,31,PHARMACY_DISPATCH,5,2026-06-23T12:15:00,2026-06-23T13:15:00,COMPLETED
54,20,12,LAB_SAMPLE,4,2026-06-03T17:26:00,2026-06-03T18:26:00,COMPLETED
55,22,2,EQUIPMENT,5,2026-06-05T15:17:00,2026-06-05T16:17:00,PENDING
56,20,32,PATIENT_TRANSPORT,2,2026-06-10T11:12:00,,IN_PROGRESS
57,44,22,EQUIPMENT,2,2026-06-06T19:33:00,,PENDING
58,6,41,PHARMACY_DISPATCH,1,2026-06-02T07:31:00,,COMPLETED
59,12,30,LAB_SAMPLE,3,2026-06-02T09:39:00,,PENDING
60,19,20,PATIENT_TRANSPORT,5,2026-06-03T07:45:00,2026-06-03T08:45:00,COMPLETED
61,39,12,EQUIPMENT,5,2026-06-22T21:31:00,2026-06-22T22:31:00,PENDING
62,38,19,PATIENT_TRANSPORT,3,2026-06-23T22:22:00,,PENDING
63,43,16,PHARMACY_DISPATCH,2,2026-06-15T02:46:00,,IN_PROGRESS
64,19,37,EQUIPMENT,5,2026-06-25T22:38:00,2026-06-25T23:38:00,IN_PROGRESS
65,23,13,PHARMACY_DISPATCH,4,2026-06-24T09:45:00,2026-06-24T10:45:00,COMPLETED
66,32,2,PHARMACY_DISPATCH,4,2026-06-22T18:30:00,2026-06-22T19:30:00,IN_PROGRESS
67,23,9,PHARMACY_DISPATCH,3,2026-06-02T21:36:00,,COMPLETED
68,7,25,EQUIPMENT,2,2026-06-11T13:46:00,,PENDING
69,13,40,PHARMACY_DISPATCH,1,2026-06-06T17:19:00,,COMPLETED
70,33,11,EQUIPMENT,4,2026-06-24T16:03:00,2026-06-24T17:03:00,IN_PROGRESS
71,33,49,EQUIPMENT,2,2026-06-09T06:12:00,,COMPLETED
72,8,40,EQUIPMENT,2,2026-06-13T07:13:00,,IN_PROGRESS
73,48,35,PATIENT_TRANSPORT,4,2026-06-26T17:34:00,2026-06-26T18:34:00,COMPLETED
74,9,28,PHARMACY_DISPATCH,2,2026-06-19T12:45:00,,PENDING
75,50,40,LAB_SAMPLE,2,2026-06-18T18:34:00,,PENDING
76,31,21,PATIENT_TRANSPORT,4,2026-06-15T17:44:00,2026-06-15T18:44:00,PENDING
77,27,12,PATIENT_TRANSPORT,3,2026-06-22T05:57:00,,COMPLETED
78,33,14,PATIENT_TRANSPORT,3,2026-06-24T17:53:00,,PENDING
79,39,28,PATIENT_TRANSPORT,5,2026-06-14T05:31:00,2026-06-14T06:31:00,PENDING
80,30,6,EQUIPMENT,5,2026-06-08T14:10:00,2026-06-08T15:10:00,PENDING
81,19,15,LAB_SAMPLE,1,2026-06-28T10:09:00,,COMPLETED
82,49,34,LAB_SAMPLE,2,2026-06-24T11:42:00,,COMPLETED
83,6,19,EQUIPMENT,1,2026-06-02T09:14:00,,IN_PROGRESS
84,40,41,PHARMACY_DISPATCH,4,2026-06-14T18:19:00,2026-06-14T19:19:00,COMPLETED
85,11,21,LAB_SAMPLE,5,2026-06-01T16:30:00,2026-06-01T17:30:00,COMPLETED
86,19,2,PATIENT_TRANSPORT,3,2026-06-23T00:15:00,,COMPLETED
87,50,43,LAB_SAMPLE,5,2026-06-09T19:36:00,2026-06-09T20:36:00,IN_PROGRESS
88,1,37,EQUIPMENT,4,2026-06-11T15:01:00,2026-06-11T16:01:00,PENDING
89,22,34,PATIENT_TRANSPORT,1,2026-06-15T04:18:00,,PENDING
90,4,10,LAB_SAMPLE,5,2026-06-28T04:22:00,2026-06-28T05:22:00,IN_PROGRESS
91,29,46,PATIENT_TRANSPORT,4,2026-06-15T19:49:00,2026-06-15T20:49:00,PENDING
92,9,32,PHARMACY_DISPATCH,2,2026-06-02T23:11:00,,IN_PROGRESS
93,25,33,EQUIPMENT,2,2026-06-01T08:12:00,,COMPLETED
94,7,36,LAB_SAMPLE,2,2026-06-27T09:40:00,,COMPLETED
95,10,18,EQUIPMENT,5,2026-06-19T05:42:00,2026-06-19T06:42:00,IN_PROGRESS
96,45,34,EQUIPMENT,1,2026-06-25T02:07:00,,IN_PROGRESS
97,47,12,LAB_SAMPLE,2,2026-06-07T09:37:00,,COMPLETED
98,11,35,PATIENT_TRANSPORT,4,2026-06-27T11:54:00,2026-06-27T12:54:00,PENDING
99,27,34,PHARMACY_DISPATCH,2,2026-06-05T21:12:00,,COMPLETED
100,30,22,PHARMACY_DISPATCH,5,2026-06-23T12:16:00,2026-06-23T13:16:00,PENDING
101,50,16,PHARMACY_DISPATCH,1,2026-06-14T01:05:00,,IN_PROGRESS
102,18,23,PHARMACY_DISPATCH,4,2026-06-12T06:16:00,2026-06-12T07:16:00,PENDING
103,40,22,PHARMACY_DISPATCH,4,2026-06-26T07:51:00,2026-06-26T08:51:00,PENDING
104,30,8,PHARMACY_DISPATCH,4,2026-06-20T18:43:00,2026-06-20T19:43:00,COMPLETED
105,12,43,PATIENT_TRANSPORT,1,2026-06-06T06:48:00,,COMPLETED
106,2,20,PHARMACY_DISPATCH,5,2026-06-11T15:21:00,2026-06-11T16:21:00,PENDING
107,23,20,EQUIPMENT,4,2026-06-13T16:34:00,2026-06-13T17:34:00,IN_PROGRESS
108,41,26,PHARMACY_DISPATCH,1,2026-06-13T06:44:00,,IN_PROGRESS
109,38,43,PATIENT_TRANSPORT,2,2026-06-14T20:49:00,,COMPLETED
110,43,8,LAB_SAMPLE,3,2026-06-11T01:30:00,,PENDING
111,48,43,PATIENT_TRANSPORT,3,2026-06-10T03:26:00,,COMPLETED
112,50,36,PHARMACY_DISPATCH,2,2026-06-13T15:22:00,,PENDING
113,22,36,PATIENT_TRANSPORT,4,2026-06-10T21:53:00,2026-06-10T22:53:00,IN_PROGRESS
114,2,11,EQUIPMENT,4,2026-06-13T11:50:00,2026-06-13T12:50:00,PENDING
115,40,13,PHARMACY_DISPATCH,1,2026-06-09T19:57:00,,COMPLETED
116,10,8,EQUIPMENT,1,2026-06-07T02:55:00,,IN_PROGRESS
117,42,24,EQUIPMENT,2,2026-06-12T07:54:00,,PENDING
118,13,25,PATIENT_TRANSPORT,3,2026-06-16T22:16:00,,IN_PROGRESS
119,41,32,EQUIPMENT,3,2026-06-05T19:33:00,,COMPLETED
120,14,7,PHARMACY_DISPATCH,1,2026-06-09T20:05:00,,IN_PROGRESS
121,45,35,PATIENT_TRANSPORT,3,2026-06-14T01:57:00,,PENDING
122,11,37,PATIENT_TRANSPORT,4,2026-06-16T17:04:00,2026-06-16T18:04:00,COMPLETED
123,40,12,PATIENT_TRANSPORT,1,2026-06-19T00:20:00,,IN_PROGRESS
124,23,47,PATIENT_TRANSPORT,4,2026-06-28T02:39:00,2026-06-28T03:39:00,PENDING
125,4,50,LAB_SAMPLE,4,2026-06-13T13:16:00,2026-06-13T14:16:00,IN_PROGRESS
126,7,25,PHARMACY_DISPATCH,4,2026-06-08T03:32:00,2026-06-08T04:32:00,COMPLETED
127,1,19,PHARMACY_DISPATCH,3,2026-06-26T21:55:00,,PENDING
128,26,19,PATIENT_TRANSPORT,2,2026-06-17T00:22:00,,IN_PROGRESS
129,16,30,PHARMACY_DISPATCH,3,2026-06-08T11:09:00,,COMPLETED
130,22,6,EQUIPMENT,3,2026-06-23T15:44:00,,COMPLETED
131,8,44,PATIENT_TRANSPORT,1,2026-06-21T21:00:00,,IN_PROGRESS
132,39,37,PHARMACY_DISPATCH,3,2026-06-20T19:08:00,,IN_PROGRESS
133,19,27,PATIENT_TRANSPORT,3,2026-06-25T23:05:00,,IN_PROGRESS
134,39,24,LAB_SAMPLE,4,2026-06-26T17:04:00,2026-06-26T18:04:00,IN_PROGRESS
135,11,29,EQUIPMENT,1,2026-06-17T13:49:00,,PENDING
136,24,40,LAB_SAMPLE,5,2026-06-08T22:28:00,2026-06-08T23:28:00,IN_PROGRESS
137,9,5,EQUIPMENT,1,2026-06-21T20:12:00,,COMPLETED
138,37,44,LAB_SAMPLE,3,2026-06-21T14:52:00,,PENDING
139,16,7,PATIENT_TRANSPORT,1,2026-06-10T00:31:00,,PENDING
140,28,44,LAB_SAMPLE,3,2026-06-22T14:09:00,,IN_PROGRESS
141,36,22,EQUIPMENT,2,2026-06-03T14:22:00,,IN_PROGRESS
142,22,16,PATIENT_TRANSPORT,5,2026-06-19T02:24:00,2026-06-19T03:24:00,COMPLETED
143,43,38,EQUIPMENT,1,2026-06-07T03:38:00,,COMPLETED
144,19,4,LAB_SAMPLE,1,2026-06-10T22:28:00,,COMPLETED
145,48,50,PHARMACY_DISPATCH,3,2026-06-08T10:07:00,,COMPLETED
146,34,46,LAB_SAMPLE,2,2026-06-09T08:36:00,,PENDING
147,25,12,PHARMACY_DISPATCH,2,2026-06-01T01:18:00,,COMPLETED
148,19,23,EQUIPMENT,5,2026-06-19T03:18:00,2026-06-19T04:18:00,COMPLETED
149,15,13,PHARMACY_DISPATCH,5,2026-06-04T12:07:00,2026-06-04T13:07:00,IN_PROGRESS
150,7,40,EQUIPMENT,4,2026-06-22T05:04:00,2026-06-22T06:04:00,COMPLETED
151,2,7,PHARMACY_DISPATCH,4,2026-06-28T23:15:00,2026-06-28T23:15:00,PENDING
152,50,9,LAB_SAMPLE,4,2026-06-26T09:13:00,2026-06-26T10:13:00,PENDING
153,31,35,LAB_SAMPLE,2,2026-06-15T15:58:00,,IN_PROGRESS
154,15,4,PHARMACY_DISPATCH,5,2026-06-08T04:31:00,2026-06-08T05:31:00,COMPLETED
155,8,35,LAB_SAMPLE,3,2026-06-27T09:20:00,,PENDING
156,29,1,PHARMACY_DISPATCH,2,2026-06-10T11:26:00,,IN_PROGRESS
157,21,38,PHARMACY_DISPATCH,2,2026-06-28T00:04:00,,PENDING
158,5,7,LAB_SAMPLE,5,2026-06-28T02:31:00,2026-06-28T03:31:00,PENDING
159,8,50,EQUIPMENT,5,2026-06-23T18:31:00,2026-06-23T19:31:00,IN_PROGRESS
160,2,24,PHARMACY_DISPATCH,1,2026-06-08T21:17:00,,COMPLETED
161,48,8,PATIENT_TRANSPORT,2,2026-06-08T10:48:00,,IN_PROGRESS
162,24,29,PATIENT_TRANSPORT,3,2026-06-21T02:58:00,,PENDING
163,36,29,LAB_SAMPLE,1,2026-06-20T14:14:00,,COMPLETED
164,11,6,LAB_SAMPLE,3,2026-06-24T20:46:00,,COMPLETED
165,34,7,PHARMACY_DISPATCH,2,2026-06-22T18:20:00,,IN_PROGRESS
166,28,39,PATIENT_TRANSPORT,1,2026-06-13T17:34:00,,PENDING
167,23,16,LAB_SAMPLE,1,2026-06-01T10:27:00,,PENDING
168,27,7,PATIENT_TRANSPORT,1,2026-06-18T04:36:00,,COMPLETED
169,1,36,PATIENT_TRANSPORT,5,2026-06-12T06:20:00,2026-06-12T07:20:00,IN_PROGRESS
170,16,36,LAB_SAMPLE,5,2026-06-11T21:35:00,2026-06-11T22:35:00,COMPLETED
171,6,38,LAB_SAMPLE,5,2026-06-19T16:27:00,2026-06-19T17:27:00,PENDING
172,24,34,PHARMACY_DISPATCH,3,2026-06-25T09:10:00,,IN_PROGRESS
173,50,26,EQUIPMENT,2,2026-06-07T03:39:00,,PENDING
174,18,49,EQUIPMENT,4,2026-06-07T12:51:00,2026-06-07T13:51:00,IN_PROGRESS
175,25,38,PATIENT_TRANSPORT,3,2026-06-26T02:49:00,,IN_PROGRESS
176,30,5,EQUIPMENT,4,2026-06-18T00:38:00,2026-06-18T01:38:00,IN_PROGRESS
177,45,15,PHARMACY_DISPATCH,3,2026-06-12T08:41:00,,COMPLETED
178,28,29,PHARMACY_DISPATCH,2,2026-06-09T07:45:00,,PENDING
179,45,37,LAB_SAMPLE,1,2026-06-21T05:37:00,,PENDING
180,35,33,EQUIPMENT,4,2026-06-11T04:54:00,2026-06-11T05:54:00,PENDING
181,6,32,PATIENT_TRANSPORT,1,2026-06-06T07:41:00,,PENDING
182,50,4,PHARMACY_DISPATCH,1,2026-06-14T02:52:00,,COMPLETED
183,23,22,PHARMACY_DISPATCH,4,2026-06-07T14:21:00,2026-06-07T15:21:00,PENDING
184,25,5,EQUIPMENT,5,2026-06-28T19:26:00,2026-06-28T20:26:00,IN_PROGRESS
185,50,20,PHARMACY_DISPATCH,2,2026-06-01T05:57:00,,PENDING
186,34,13,PHARMACY_DISPATCH,2,2026-06-18T01:05:00,,COMPLETED
187,45,13,EQUIPMENT,3,2026-06-17T23:03:00,,PENDING
188,28,22,PHARMACY_DISPATCH,4,2026-06-11T15:22:00,2026-06-11T16:22:00,COMPLETED
189,47,30,LAB_SAMPLE,1,2026-06-22T06:39:00,,PENDING
190,48,47,EQUIPMENT,4,2026-06-28T00:04:00,2026-06-28T01:04:00,IN_PROGRESS
191,2,34,PHARMACY_DISPATCH,3,2026-06-02T12:48:00,,COMPLETED
192,45,18,LAB_SAMPLE,5,2026-06-01T21:17:00,2026-06-01T22:17:00,PENDING
193,6,24,LAB_SAMPLE,1,2026-06-05T05:57:00,,COMPLETED
194,37,31,LAB_SAMPLE,4,2026-06-12T02:41:00,2026-06-12T03:41:00,IN_PROGRESS
195,41,8,PHARMACY_DISPATCH,4,2026-06-23T03:36:00,2026-06-23T04:36:00,PENDING
196,40,4,PHARMACY_DISPATCH,3,2026-06-17T17:57:00,,IN_PROGRESS
197,41,21,LAB_SAMPLE,2,2026-06-13T16:47:00,,IN_PROGRESS
198,15,16,LAB_SAMPLE,4,2026-06-15T13:12:00,2026-06-15T14:12:00,PENDING
199,20,3,PATIENT_TRANSPORT,4,2026-06-23T07:27:00,2026-06-23T08:27:00,PENDING
200,14,17,EQUIPMENT,2,2026-06-05T15:16:00,,PENDING
201,32,40,EQUIPMENT,4,2026-06-26T02:03:00,2026-06-26T03:03:00,IN_PROGRESS
202,13,8,PATIENT_TRANSPORT,3,2026-06-01T03:12:00,,PENDING
203,48,34,LAB_SAMPLE,4,2026-06-07T03:56:00,2026-06-07T04:56:00,IN_PROGRESS
204,47,2,PHARMACY_DISPATCH,1,2026-06-17T19:50:00,,COMPLETED
205,5,43,LAB_SAMPLE,3,2026-06-21T22:07:00,,COMPLETED
206,47,36,PATIENT_TRANSPORT,4,2026-06-09T18:30:00,2026-06-09T19:30:00,COMPLETED
207,46,1,PHARMACY_DISPATCH,5,2026-06-02T21:21:00,2026-06-02T22:21:00,IN_PROGRESS
208,26,40,PATIENT_TRANSPORT,4,2026-06-06T17:45:00,2026-06-06T18:45:00,IN_PROGRESS
209,4,31,LAB_SAMPLE,4,2026-06-06T02:29:00,2026-06-06T03:29:00,IN_PROGRESS
210,32,27,EQUIPMENT,3,2026-06-20T12:50:00,,PENDING
211,8,1,PHARMACY_DISPATCH,4,2026-06-21T23:16:00,2026-06-21T23:16:00,COMPLETED
212,41,13,EQUIPMENT,4,2026-06-07T05:47:00,2026-06-07T06:47:00,IN_PROGRESS
213,37,26,EQUIPMENT,4,2026-06-24T08:50:00,2026-06-24T09:50:00,COMPLETED
214,46,36,PHARMACY_DISPATCH,4,2026-06-05T22:08:00,2026-06-05T23:08:00,PENDING
215,14,29,PATIENT_TRANSPORT,2,2026-06-08T07:57:00,,PENDING
216,24,20,EQUIPMENT,4,2026-06-25T03:41:00,2026-06-25T04:41:00,PENDING
217,20,11,LAB_SAMPLE,1,2026-06-28T05:37:00,,IN_PROGRESS
218,15,30,LAB_SAMPLE,2,2026-06-13T04:48:00,,PENDING
219,37,27,EQUIPMENT,2,2026-06-06T15:02:00,,COMPLETED
220,33,18,PATIENT_TRANSPORT,2,2026-06-08T14:35:00,,PENDING
221,43,12,PHARMACY_DISPATCH,1,2026-06-25T13:53:00,,PENDING
222,1,19,EQUIPMENT,2,2026-06-03T02:25:00,,COMPLETED
223,36,44,LAB_SAMPLE,3,2026-06-07T12:49:00,,IN_PROGRESS
224,8,28,PATIENT_TRANSPORT,1,2026-06-03T04:05:00,,PENDING
225,16,33,PATIENT_TRANSPORT,1,2026-06-16T21:05:00,,IN_PROGRESS
226,22,14,LAB_SAMPLE,1,2026-06-28T04:32:00,,IN_PROGRESS
227,13,6,PATIENT_TRANSPORT,5,2026-06-12T18:27:00,2026-06-12T19:27:00,IN_PROGRESS
228,7,3,PATIENT_TRANSPORT,5,2026-06-26T23:18:00,2026-06-26T23:18:00,IN_PROGRESS
229,3,33,PHARMACY_DISPATCH,3,2026-06-16T15:02:00,,IN_PROGRESS
230,20,2,EQUIPMENT,1,2026-06-27T14:41:00,,PENDING
231,36,3,LAB_SAMPLE,5,2026-06-17T21:32:00,2026-06-17T22:32:00,IN_PROGRESS
232,8,19,LAB_SAMPLE,4,2026-06-22T04:36:00,2026-06-22T05:36:00,PENDING
233,50,8,EQUIPMENT,5,2026-06-22T15:36:00,2026-06-22T16:36:00,COMPLETED
234,3,14,PATIENT_TRANSPORT,2,2026-06-05T04:55:00,,IN_PROGRESS
235,49,27,PATIENT_TRANSPORT,1,2026-06-09T17:20:00,,PENDING
236,5,37,LAB_SAMPLE,5,2026-06-27T07:01:00,2026-06-27T08:01:00,PENDING
237,22,9,LAB_SAMPLE,3,2026-06-09T19:06:00,,COMPLETED
238,41,15,LAB_SAMPLE,3,2026-06-21T09:04:00,,PENDING
239,33,28,PHARMACY_DISPATCH,4,2026-06-16T01:19:00,2026-06-16T02:19:00,PENDING
240,8,10,LAB_SAMPLE,5,2026-06-12T20:01:00,2026-06-12T21:01:00,IN_PROGRESS
241,39,24,PHARMACY_DISPATCH,5,2026-06-22T14:46:00,2026-06-22T15:46:00,COMPLETED
242,44,23,LAB_SAMPLE,4,2026-06-12T03:42:00,2026-06-12T04:42:00,PENDING
243,48,21,EQUIPMENT,1,2026-06-04T03:52:00,,IN_PROGRESS
244,49,33,PHARMACY_DISPATCH,2,2026-06-26T07:46:00,,COMPLETED
245,50,46,EQUIPMENT,3,2026-06-17T11:34:00,,IN_PROGRESS
246,34,13,LAB_SAMPLE,5,2026-06-01T12:54:00,2026-06-01T13:54:00,IN_PROGRESS
247,45,18,PHARMACY_DISPATCH,3,2026-06-06T02:28:00,,PENDING
248,34,45,PATIENT_TRANSPORT,5,2026-06-16T04:22:00,2026-06-16T05:22:00,PENDING
249,27,36,PHARMACY_DISPATCH,4,2026-06-13T16:55:00,2026-06-13T17:55:00,IN_PROGRESS
250,49,45,EQUIPMENT,3,2026-06-17T02:16:00,,IN_PROGRESS
251,2,6,PATIENT_TRANSPORT,1,2026-06-20T09:27:00,,PENDING
252,50,1,EQUIPMENT,4,2026-06-08T11:53:00,2026-06-08T12:53:00,PENDING
253,6,16,EQUIPMENT,4,2026-06-08T20:01:00,2026-06-08T21:01:00,IN_PROGRESS
254,13,18,PHARMACY_DISPATCH,5,2026-06-12T23:06:00,2026-06-12T23:06:00,COMPLETED
255,42,48,PHARMACY_DISPATCH,4,2026-06-06T08:08:00,2026-06-06T09:08:00,IN_PROGRESS
256,1,5,PHARMACY_DISPATCH,1,2026-06-25T06:37:00,,IN_PROGRESS
257,13,14,PHARMACY_DISPATCH,3,2026-06-24T21:58:00,,PENDING
258,47,38,EQUIPMENT,3,2026-06-18T18:08:00,,PENDING
259,25,40,EQUIPMENT,1,2026-06-26T06:39:00,,IN_PROGRESS
260,42,40,PATIENT_TRANSPORT,1,2026-06-19T14:37:00,,COMPLETED
261,19,4,LAB_SAMPLE,2,2026-06-27T03:08:00,,COMPLETED
262,36,34,PATIENT_TRANSPORT,3,2026-06-05T12:04:00,,PENDING
263,39,31,PATIENT_TRANSPORT,4,2026-06-01T16:42:00,2026-06-01T17:42:00,IN_PROGRESS
264,19,39,LAB_SAMPLE,3,2026-06-23T02:34:00,,PENDING
265,10,49,PHARMACY_DISPATCH,2,2026-06-03T13:57:00,,COMPLETED
266,20,22,PHARMACY_DISPATCH,3,2026-06-14T08:39:00,,IN_PROGRESS
267,27,25,EQUIPMENT,5,2026-06-03T17:22:00,2026-06-03T18:22:00,COMPLETED
268,23,30,PHARMACY_DISPATCH,2,2026-06-10T03:32:00,,PENDING
269,42,4,EQUIPMENT,2,2026-06-16T09:20:00,,COMPLETED
270,47,13,PHARMACY_DISPATCH,1,2026-06-24T02:53:00,,IN_PROGRESS
271,31,5,LAB_SAMPLE,1,2026-06-04T21:45:00,,IN_PROGRESS
272,49,10,PHARMACY_DISPATCH,2,2026-06-17T12:07:00,,IN_PROGRESS
273,7,21,EQUIPMENT,5,2026-06-23T21:39:00,2026-06-23T22:39:00,COMPLETED
274,40,16,PHARMACY_DISPATCH,2,2026-06-12T14:00:00,,IN_PROGRESS
275,16,12,PATIENT_TRANSPORT,4,2026-06-13T00:00:00,2026-06-13T01:00:00,COMPLETED
276,17,36,PATIENT_TRANSPORT,2,2026-06-22T03:20:00,,COMPLETED
277,43,11,PHARMACY_DISPATCH,3,2026-06-26T04:26:00,,IN_PROGRESS
278,17,46,PHARMACY_DISPATCH,5,2026-06-02T06:55:00,2026-06-02T07:55:00,IN_PROGRESS
279,31,23,LAB_SAMPLE,4,2026-06-08T12:31:00,2026-06-08T13:31:00,COMPLETED
280,47,33,PHARMACY_DISPATCH,5,2026-06-15T12:58:00,2026-06-15T13:58:00,IN_PROGRESS
281,35,25,PATIENT_TRANSPORT,3,2026-06-25T13:26:00,,PENDING
282,11,22,PHARMACY_DISPATCH,1,2026-06-07T09:04:00,,PENDING
283,34,37,PHARMACY_DISPATCH,2,2026-06-25T03:42:00,,COMPLETED
284,50,3,LAB_SAMPLE,2,2026-06-25T02:15:00,,PENDING
285,5,30,EQUIPMENT,4,2026-06-21T12:12:00,2026-06-21T13:12:00,IN_PROGRESS
286,21,49,PHARMACY_DISPATCH,3,2026-06-16T07:29:00,,COMPLETED
287,17,20,PHARMACY_DISPATCH,2,2026-06-12T00:32:00,,PENDING
288,19,11,LAB_SAMPLE,5,2026-06-26T05:20:00,2026-06-26T06:20:00,COMPLETED
289,48,8,LAB_SAMPLE,5,2026-06-10T08:32:00,2026-06-10T09:32:00,COMPLETED
290,38,43,PHARMACY_DISPATCH,2,2026-06-25T09:47:00,,COMPLETED
291,17,13,EQUIPMENT,4,2026-06-19T06:32:00,2026-06-19T07:32:00,COMPLETED
292,47,21,PHARMACY_DISPATCH,5,2026-06-10T12:10:00,2026-06-10T13:10:00,PENDING
293,33,26,EQUIPMENT,5,2026-06-17T04:52:00,2026-06-17T05:52:00,IN_PROGRESS
294,22,40,PHARMACY_DISPATCH,3,2026-06-17T01:35:00,,COMPLETED
295,20,36,PATIENT_TRANSPORT,3,2026-06-23T15:35:00,,COMPLETED
296,6,43,EQUIPMENT,3,2026-06-23T19:33:00,,IN_PROGRESS
297,48,12,LAB_SAMPLE,4,2026-06-06T23:27:00,2026-06-06T23:27:00,IN_PROGRESS
298,22,32,EQUIPMENT,1,2026-06-24T12:01:00,,PENDING
299,11,46,PHARMACY_DISPATCH,4,2026-06-18T07:33:00,2026-06-18T08:33:00,COMPLETED
300,1,29,PATIENT_TRANSPORT,1,2026-06-09T22:59:00,,PENDING
