request_id,source_location_id,destination_location_id,category,urgency,time_submitted,deadline,status
Q001,L026,L040,Equipment,5,2026-06-17T05:56:00,2026-06-17T06:56:00,COMPLETED
Q002,L048,L009,Document,2,2026-06-07T05:10:00,,COMPLETED
Q003,L030,L014,Pharmacy,5,2026-06-21T19:21:00,2026-06-21T20:21:00,COMPLETED
Q004,L039,L014,Equipment,3,2026-06-23T02:05:00,,COMPLETED
Q005,L026,L044,Pharmacy,4,2026-06-28T07:49:00,2026-06-28T08:49:00,NEW
Q006,L014,L022,Pharmacy,3,2026-06-22T10:25:00,,COMPLETED
Q007,L024,L020,Pharmacy,2,2026-06-05T21:36:00,,COMPLETED
Q008,L020,L033,Medical,2,2026-06-11T19:05:00,,COMPLETED
Q009,L011,L042,Document,1,2026-06-18T18:03:00,,IN_PROGRESS
Q010,L023,L042,Document,1,2026-06-23T01:42:00,,IN_PROGRESS
Q011,L027,L014,Medical,5,2026-06-23T02:37:00,2026-06-23T03:37:00,NEW
Q012,L029,L008,Document,4,2026-06-18T00:04:00,2026-06-18T01:04:00,NEW
Q013,L046,L011,Medical,3,2026-06-13T18:53:00,,COMPLETED
Q014,L006,L001,Medical,5,2026-06-05T22:48:00,2026-06-05T23:48:00,IN_PROGRESS
Q015,L019,L043,Pharmacy,1,2026-06-23T22:09:00,,IN_PROGRESS
Q016,L034,L029,Equipment,1,2026-06-28T14:58:00,,NEW
Q017,L015,L039,Medical,3,2026-06-08T11:07:00,,COMPLETED
Q018,L036,L018,Pharmacy,3,2026-06-04T05:32:00,,COMPLETED
Q019,L003,L002,Lab,5,2026-06-06T13:51:00,2026-06-06T14:51:00,IN_PROGRESS
Q020,L019,L047,Pharmacy,5,2026-06-05T23:28:00,2026-06-05T23:28:00,IN_PROGRESS
Q021,L039,L050,Medical,3,2026-06-03T09:30:00,,IN_PROGRESS
Q022,L027,L021,Pharmacy,1,2026-06-16T01:45:00,,IN_PROGRESS
Q023,L030,L037,Medical,5,2026-06-02T03:32:00,2026-06-02T04:32:00,COMPLETED
Q024,L034,L004,Medical,1,2026-06-21T16:34:00,,NEW
Q025,L007,L001,Equipment,1,2026-06-14T08:10:00,,IN_PROGRESS
Q026,L015,L003,Medical,1,2026-06-14T08:32:00,,NEW
Q027,L048,L026,Lab,4,2026-06-01T03:16:00,2026-06-01T04:16:00,NEW
Q028,L036,L022,Pharmacy,2,2026-06-15T14:01:00,,NEW
Q029,L050,L024,Medical,5,2026-06-13T09:56:00,2026-06-13T10:56:00,NEW
Q030,L027,L015,Equipment,1,2026-06-18T04:29:00,,NEW
Q031,L036,L005,Lab,2,2026-06-01T00:50:00,,COMPLETED
Q032,L018,L036,Pharmacy,4,2026-06-12T18:48:00,2026-06-12T19:48:00,IN_PROGRESS
Q033,L019,L048,Medical,4,2026-06-14T17:31:00,2026-06-14T18:31:00,COMPLETED
Q034,L012,L037,Document,5,2026-06-25T21:23:00,2026-06-25T22:23:00,NEW
Q035,L042,L011,Pharmacy,1,2026-06-24T16:05:00,,NEW
Q036,L048,L008,Document,1,2026-06-22T06:54:00,,COMPLETED
Q037,L037,L028,Pharmacy,3,2026-06-04T06:16:00,,NEW
Q038,L041,L045,Equipment,2,2026-06-18T08:53:00,,COMPLETED
Q039,L017,L004,Medical,2,2026-06-06T14:35:00,,IN_PROGRESS
Q040,L047,L042,Pharmacy,3,2026-06-03T21:23:00,,NEW
Q041,L040,L042,Pharmacy,4,2026-06-11T03:04:00,2026-06-11T04:04:00,IN_PROGRESS
Q042,L025,L010,Medical,5,2026-06-13T08:38:00,2026-06-13T09:38:00,COMPLETED
Q043,L008,L020,Equipment,1,2026-06-07T07:55:00,,NEW
Q044,L043,L040,Equipment,5,2026-06-01T19:19:00,2026-06-01T20:19:00,NEW
Q045,L033,L048,Pharmacy,1,2026-06-07T20:57:00,,COMPLETED
Q046,L047,L031,Pharmacy,3,2026-06-22T01:43:00,,IN_PROGRESS
Q047,L007,L048,Medical,4,2026-06-20T06:46:00,2026-06-20T07:46:00,NEW
Q048,L014,L013,Lab,1,2026-06-10T05:07:00,,COMPLETED
Q049,L003,L039,Pharmacy,5,2026-06-01T22:06:00,2026-06-01T23:06:00,NEW
Q050,L033,L040,Pharmacy,4,2026-06-06T00:14:00,2026-06-06T01:14:00,NEW
Q051,L024,L036,Document,1,2026-06-19T15:22:00,,IN_PROGRESS
Q052,L013,L043,Pharmacy,3,2026-06-08T22:13:00,,NEW
Q053,L035,L031,Equipment,5,2026-06-23T12:15:00,2026-06-23T13:15:00,COMPLETED
Q054,L020,L012,Pharmacy,4,2026-06-03T17:26:00,2026-06-03T18:26:00,COMPLETED
Q055,L022,L002,Lab,5,2026-06-05T15:17:00,2026-06-05T16:17:00,NEW
Q056,L020,L032,Equipment,2,2026-06-10T11:12:00,,IN_PROGRESS
Q057,L044,L022,Equipment,2,2026-06-06T19:33:00,,NEW
Q058,L006,L041,Lab,1,2026-06-02T07:31:00,,COMPLETED
Q059,L012,L030,Medical,3,2026-06-02T09:39:00,,NEW
Q060,L019,L020,Pharmacy,5,2026-06-03T07:45:00,2026-06-03T08:45:00,COMPLETED
Q061,L039,L012,Lab,5,2026-06-22T21:31:00,2026-06-22T22:31:00,NEW
Q062,L038,L019,Document,3,2026-06-23T22:22:00,,NEW
Q063,L043,L016,Document,2,2026-06-15T02:46:00,,IN_PROGRESS
Q064,L019,L037,Document,5,2026-06-25T22:38:00,2026-06-25T23:38:00,IN_PROGRESS
Q065,L023,L013,Document,4,2026-06-24T09:45:00,2026-06-24T10:45:00,COMPLETED
Q066,L032,L002,Medical,4,2026-06-22T18:30:00,2026-06-22T19:30:00,IN_PROGRESS
Q067,L023,L009,Equipment,3,2026-06-02T21:36:00,,COMPLETED
Q068,L007,L025,Document,2,2026-06-11T13:46:00,,NEW
Q069,L013,L040,Equipment,1,2026-06-06T17:19:00,,COMPLETED
Q070,L033,L011,Medical,4,2026-06-24T16:03:00,2026-06-24T17:03:00,IN_PROGRESS
Q071,L033,L049,Lab,2,2026-06-09T06:12:00,,COMPLETED
Q072,L008,L040,Medical,2,2026-06-13T07:13:00,,IN_PROGRESS
Q073,L048,L035,Medical,4,2026-06-26T17:34:00,2026-06-26T18:34:00,COMPLETED
Q074,L009,L028,Pharmacy,2,2026-06-19T12:45:00,,NEW
Q075,L050,L040,Lab,2,2026-06-18T18:34:00,,NEW
Q076,L031,L021,Equipment,4,2026-06-15T17:44:00,2026-06-15T18:44:00,NEW
Q077,L027,L012,Equipment,3,2026-06-22T05:57:00,,COMPLETED
Q078,L033,L014,Pharmacy,3,2026-06-24T17:53:00,,NEW
Q079,L039,L028,Document,5,2026-06-14T05:31:00,2026-06-14T06:31:00,NEW
Q080,L030,L006,Pharmacy,5,2026-06-08T14:10:00,2026-06-08T15:10:00,NEW
Q081,L019,L015,Lab,1,2026-06-28T10:09:00,,COMPLETED
Q082,L049,L034,Pharmacy,2,2026-06-24T11:42:00,,COMPLETED
Q083,L006,L019,Medical,1,2026-06-02T09:14:00,,IN_PROGRESS
Q084,L040,L041,Equipment,4,2026-06-14T18:19:00,2026-06-14T19:19:00,COMPLETED
Q085,L011,L021,Equipment,5,2026-06-01T16:30:00,2026-06-01T17:30:00,COMPLETED
Q086,L019,L002,Lab,3,2026-06-23T00:15:00,,COMPLETED
Q087,L050,L043,Medical,5,2026-06-09T19:36:00,2026-06-09T20:36:00,IN_PROGRESS
Q088,L001,L037,Pharmacy,4,2026-06-11T15:01:00,2026-06-11T16:01:00,NEW
Q089,L022,L034,Medical,1,2026-06-15T04:18:00,,NEW
Q090,L004,L010,Document,5,2026-06-28T04:22:00,2026-06-28T05:22:00,IN_PROGRESS
Q091,L029,L046,Pharmacy,4,2026-06-15T19:49:00,2026-06-15T20:49:00,NEW
Q092,L009,L032,Lab,2,2026-06-02T23:11:00,,IN_PROGRESS
Q093,L025,L033,Equipment,2,2026-06-01T08:12:00,,COMPLETED
Q094,L007,L036,Medical,2,2026-06-27T09:40:00,,COMPLETED
Q095,L010,L018,Pharmacy,5,2026-06-19T05:42:00,2026-06-19T06:42:00,IN_PROGRESS
Q096,L045,L034,Equipment,1,2026-06-25T02:07:00,,IN_PROGRESS
Q097,L047,L012,Medical,2,2026-06-07T09:37:00,,COMPLETED
Q098,L011,L035,Equipment,4,2026-06-27T11:54:00,2026-06-27T12:54:00,NEW
Q099,L027,L034,Lab,2,2026-06-05T21:12:00,,COMPLETED
Q100,L030,L022,Lab,5,2026-06-23T12:16:00,2026-06-23T13:16:00,NEW
Q101,L050,L016,Lab,1,2026-06-14T01:05:00,,IN_PROGRESS
Q102,L018,L023,Document,4,2026-06-12T06:16:00,2026-06-12T07:16:00,NEW
Q103,L040,L022,Document,4,2026-06-26T07:51:00,2026-06-26T08:51:00,NEW
Q104,L030,L008,Document,4,2026-06-20T18:43:00,2026-06-20T19:43:00,COMPLETED
Q105,L012,L043,Lab,1,2026-06-06T06:48:00,,COMPLETED
Q106,L002,L020,Pharmacy,5,2026-06-11T15:21:00,2026-06-11T16:21:00,NEW
Q107,L023,L020,Document,4,2026-06-13T16:34:00,2026-06-13T17:34:00,IN_PROGRESS
Q108,L041,L026,Lab,1,2026-06-13T06:44:00,,IN_PROGRESS
Q109,L038,L043,Pharmacy,2,2026-06-14T20:49:00,,COMPLETED
Q110,L043,L008,Medical,3,2026-06-11T01:30:00,,NEW
Q111,L048,L043,Medical,3,2026-06-10T03:26:00,,COMPLETED
Q112,L050,L036,Equipment,2,2026-06-13T15:22:00,,NEW
Q113,L022,L036,Document,4,2026-06-10T21:53:00,2026-06-10T22:53:00,IN_PROGRESS
Q114,L002,L011,Equipment,4,2026-06-13T11:50:00,2026-06-13T12:50:00,NEW
Q115,L040,L013,Equipment,1,2026-06-09T19:57:00,,COMPLETED
Q116,L010,L008,Lab,1,2026-06-07T02:55:00,,IN_PROGRESS
Q117,L042,L024,Medical,2,2026-06-12T07:54:00,,NEW
Q118,L013,L025,Pharmacy,3,2026-06-16T22:16:00,,IN_PROGRESS
Q119,L041,L032,Lab,3,2026-06-05T19:33:00,,COMPLETED
Q120,L014,L007,Document,1,2026-06-09T20:05:00,,IN_PROGRESS
Q121,L045,L035,Pharmacy,3,2026-06-14T01:57:00,,NEW
Q122,L011,L037,Equipment,4,2026-06-16T17:04:00,2026-06-16T18:04:00,COMPLETED
Q123,L040,L012,Equipment,1,2026-06-19T00:20:00,,IN_PROGRESS
Q124,L023,L047,Medical,4,2026-06-28T02:39:00,2026-06-28T03:39:00,NEW
Q125,L004,L050,Medical,4,2026-06-13T13:16:00,2026-06-13T14:16:00,IN_PROGRESS
Q126,L007,L025,Lab,4,2026-06-08T03:32:00,2026-06-08T04:32:00,COMPLETED
Q127,L001,L019,Equipment,3,2026-06-26T21:55:00,,NEW
Q128,L026,L019,Medical,2,2026-06-17T00:22:00,,IN_PROGRESS
Q129,L016,L030,Document,3,2026-06-08T11:09:00,,COMPLETED
Q130,L022,L006,Medical,3,2026-06-23T15:44:00,,COMPLETED
Q131,L008,L044,Equipment,1,2026-06-21T21:00:00,,IN_PROGRESS
Q132,L039,L037,Pharmacy,3,2026-06-20T19:08:00,,IN_PROGRESS
Q133,L019,L027,Document,3,2026-06-25T23:05:00,,IN_PROGRESS
Q134,L039,L024,Pharmacy,4,2026-06-26T17:04:00,2026-06-26T18:04:00,IN_PROGRESS
Q135,L011,L029,Lab,1,2026-06-17T13:49:00,,NEW
Q136,L024,L040,Pharmacy,5,2026-06-08T22:28:00,2026-06-08T23:28:00,IN_PROGRESS
Q137,L009,L005,Medical,1,2026-06-21T20:12:00,,COMPLETED
Q138,L037,L044,Medical,3,2026-06-21T14:52:00,,NEW
Q139,L016,L007,Medical,1,2026-06-10T00:31:00,,NEW
Q140,L028,L044,Pharmacy,3,2026-06-22T14:09:00,,IN_PROGRESS
Q141,L036,L022,Equipment,2,2026-06-03T14:22:00,,IN_PROGRESS
Q142,L022,L016,Lab,5,2026-06-19T02:24:00,2026-06-19T03:24:00,COMPLETED
Q143,L043,L038,Medical,1,2026-06-07T03:38:00,,COMPLETED
Q144,L019,L004,Pharmacy,1,2026-06-10T22:28:00,,COMPLETED
Q145,L048,L050,Medical,3,2026-06-08T10:07:00,,COMPLETED
Q146,L034,L046,Document,2,2026-06-09T08:36:00,,NEW
Q147,L025,L012,Lab,2,2026-06-01T01:18:00,,COMPLETED
Q148,L019,L023,Pharmacy,5,2026-06-19T03:18:00,2026-06-19T04:18:00,COMPLETED
Q149,L015,L013,Document,5,2026-06-04T12:07:00,2026-06-04T13:07:00,IN_PROGRESS
Q150,L007,L040,Medical,4,2026-06-22T05:04:00,2026-06-22T06:04:00,COMPLETED
Q151,L002,L007,Lab,4,2026-06-28T23:15:00,2026-06-28T23:15:00,NEW
Q152,L050,L009,Medical,4,2026-06-26T09:13:00,2026-06-26T10:13:00,NEW
Q153,L031,L035,Lab,2,2026-06-15T15:58:00,,IN_PROGRESS
Q154,L015,L004,Pharmacy,5,2026-06-08T04:31:00,2026-06-08T05:31:00,COMPLETED
Q155,L008,L035,Medical,3,2026-06-27T09:20:00,,NEW
Q156,L029,L001,Pharmacy,2,2026-06-10T11:26:00,,IN_PROGRESS
Q157,L021,L038,Pharmacy,2,2026-06-28T00:04:00,,NEW
Q158,L005,L007,Medical,5,2026-06-28T02:31:00,2026-06-28T03:31:00,NEW
Q159,L008,L050,Pharmacy,5,2026-06-23T18:31:00,2026-06-23T19:31:00,IN_PROGRESS
Q160,L002,L024,Equipment,1,2026-06-08T21:17:00,,COMPLETED
Q161,L048,L008,Lab,2,2026-06-08T10:48:00,,IN_PROGRESS
Q162,L024,L029,Equipment,3,2026-06-21T02:58:00,,NEW
Q163,L036,L029,Medical,1,2026-06-20T14:14:00,,COMPLETED
Q164,L011,L006,Lab,3,2026-06-24T20:46:00,,COMPLETED
Q165,L034,L007,Pharmacy,2,2026-06-22T18:20:00,,IN_PROGRESS
Q166,L028,L039,Lab,1,2026-06-13T17:34:00,,NEW
Q167,L023,L016,Document,1,2026-06-01T10:27:00,,NEW
Q168,L027,L007,Medical,1,2026-06-18T04:36:00,,COMPLETED
Q169,L001,L036,Lab,5,2026-06-12T06:20:00,2026-06-12T07:20:00,IN_PROGRESS
Q170,L016,L036,Pharmacy,5,2026-06-11T21:35:00,2026-06-11T22:35:00,COMPLETED
Q171,L006,L038,Lab,5,2026-06-19T16:27:00,2026-06-19T17:27:00,NEW
Q172,L024,L034,Lab,3,2026-06-25T09:10:00,,IN_PROGRESS
Q173,L050,L026,Equipment,2,2026-06-07T03:39:00,,NEW
Q174,L018,L049,Medical,4,2026-06-07T12:51:00,2026-06-07T13:51:00,IN_PROGRESS
Q175,L025,L038,Document,3,2026-06-26T02:49:00,,IN_PROGRESS
Q176,L030,L005,Lab,4,2026-06-18T00:38:00,2026-06-18T01:38:00,IN_PROGRESS
Q177,L045,L015,Lab,3,2026-06-12T08:41:00,,COMPLETED
Q178,L028,L029,Pharmacy,2,2026-06-09T07:45:00,,NEW
Q179,L045,L037,Medical,1,2026-06-21T05:37:00,,NEW
Q180,L035,L033,Document,4,2026-06-11T04:54:00,2026-06-11T05:54:00,NEW
Q181,L006,L032,Document,1,2026-06-06T07:41:00,,NEW
Q182,L050,L004,Medical,1,2026-06-14T02:52:00,,COMPLETED
Q183,L023,L022,Pharmacy,4,2026-06-07T14:21:00,2026-06-07T15:21:00,NEW
Q184,L025,L005,Pharmacy,5,2026-06-28T19:26:00,2026-06-28T20:26:00,IN_PROGRESS
Q185,L050,L020,Equipment,2,2026-06-01T05:57:00,,NEW
Q186,L034,L013,Pharmacy,2,2026-06-18T01:05:00,,COMPLETED
Q187,L045,L013,Lab,3,2026-06-17T23:03:00,,NEW
Q188,L028,L022,Equipment,4,2026-06-11T15:22:00,2026-06-11T16:22:00,COMPLETED
Q189,L047,L030,Document,1,2026-06-22T06:39:00,,NEW
Q190,L048,L047,Document,4,2026-06-28T00:04:00,2026-06-28T01:04:00,IN_PROGRESS
Q191,L002,L034,Document,3,2026-06-02T12:48:00,,COMPLETED
Q192,L045,L018,Medical,5,2026-06-01T21:17:00,2026-06-01T22:17:00,NEW
Q193,L006,L024,Equipment,1,2026-06-05T05:57:00,,COMPLETED
Q194,L037,L031,Medical,4,2026-06-12T02:41:00,2026-06-12T03:41:00,IN_PROGRESS
Q195,L041,L008,Medical,4,2026-06-23T03:36:00,2026-06-23T04:36:00,NEW
Q196,L040,L004,Lab,3,2026-06-17T17:57:00,,IN_PROGRESS
Q197,L041,L021,Document,2,2026-06-13T16:47:00,,IN_PROGRESS
Q198,L015,L016,Medical,4,2026-06-15T13:12:00,2026-06-15T14:12:00,NEW
Q199,L020,L003,Document,4,2026-06-23T07:27:00,2026-06-23T08:27:00,NEW
Q200,L014,L017,Document,2,2026-06-05T15:16:00,,NEW
Q201,L032,L040,Medical,4,2026-06-26T02:03:00,2026-06-26T03:03:00,IN_PROGRESS
Q202,L013,L008,Document,3,2026-06-01T03:12:00,,NEW
Q203,L048,L034,Lab,4,2026-06-07T03:56:00,2026-06-07T04:56:00,IN_PROGRESS
Q204,L047,L002,Document,1,2026-06-17T19:50:00,,COMPLETED
Q205,L005,L043,Equipment,3,2026-06-21T22:07:00,,COMPLETED
Q206,L047,L036,Lab,4,2026-06-09T18:30:00,2026-06-09T19:30:00,COMPLETED
Q207,L046,L001,Lab,5,2026-06-02T21:21:00,2026-06-02T22:21:00,IN_PROGRESS
Q208,L026,L040,Pharmacy,4,2026-06-06T17:45:00,2026-06-06T18:45:00,IN_PROGRESS
Q209,L004,L031,Equipment,4,2026-06-06T02:29:00,2026-06-06T03:29:00,IN_PROGRESS
Q210,L032,L027,Pharmacy,3,2026-06-20T12:50:00,,NEW
Q211,L008,L001,Lab,4,2026-06-21T23:16:00,2026-06-21T23:16:00,COMPLETED
Q212,L041,L013,Medical,4,2026-06-07T05:47:00,2026-06-07T06:47:00,IN_PROGRESS
Q213,L037,L026,Equipment,4,2026-06-24T08:50:00,2026-06-24T09:50:00,COMPLETED
Q214,L046,L036,Medical,4,2026-06-05T22:08:00,2026-06-05T23:08:00,NEW
Q215,L014,L029,Pharmacy,2,2026-06-08T07:57:00,,NEW
Q216,L024,L020,Pharmacy,4,2026-06-25T03:41:00,2026-06-25T04:41:00,NEW
Q217,L020,L011,Lab,1,2026-06-28T05:37:00,,IN_PROGRESS
Q218,L015,L030,Medical,2,2026-06-13T04:48:00,,NEW
Q219,L037,L027,Document,2,2026-06-06T15:02:00,,COMPLETED
Q220,L033,L018,Equipment,2,2026-06-08T14:35:00,,NEW
Q221,L043,L012,Equipment,1,2026-06-25T13:53:00,,NEW
Q222,L001,L019,Medical,2,2026-06-03T02:25:00,,COMPLETED
Q223,L036,L044,Medical,3,2026-06-07T12:49:00,,IN_PROGRESS
Q224,L008,L028,Medical,1,2026-06-03T04:05:00,,NEW
Q225,L016,L033,Document,1,2026-06-16T21:05:00,,IN_PROGRESS
Q226,L022,L014,Pharmacy,1,2026-06-28T04:32:00,,IN_PROGRESS
Q227,L013,L006,Equipment,5,2026-06-12T18:27:00,2026-06-12T19:27:00,IN_PROGRESS
Q228,L007,L003,Pharmacy,5,2026-06-26T23:18:00,2026-06-26T23:18:00,IN_PROGRESS
Q229,L003,L033,Medical,3,2026-06-16T15:02:00,,IN_PROGRESS
Q230,L020,L002,Pharmacy,1,2026-06-27T14:41:00,,NEW
Q231,L036,L003,Medical,5,2026-06-17T21:32:00,2026-06-17T22:32:00,IN_PROGRESS
Q232,L008,L019,Equipment,4,2026-06-22T04:36:00,2026-06-22T05:36:00,NEW
Q233,L050,L008,Lab,5,2026-06-22T15:36:00,2026-06-22T16:36:00,COMPLETED
Q234,L003,L014,Lab,2,2026-06-05T04:55:00,,IN_PROGRESS
Q235,L049,L027,Document,1,2026-06-09T17:20:00,,NEW
Q236,L005,L037,Lab,5,2026-06-27T07:01:00,2026-06-27T08:01:00,NEW
Q237,L022,L009,Document,3,2026-06-09T19:06:00,,COMPLETED
Q238,L041,L015,Lab,3,2026-06-21T09:04:00,,NEW
Q239,L033,L028,Lab,4,2026-06-16T01:19:00,2026-06-16T02:19:00,NEW
Q240,L008,L010,Medical,5,2026-06-12T20:01:00,2026-06-12T21:01:00,IN_PROGRESS
Q241,L039,L024,Medical,5,2026-06-22T14:46:00,2026-06-22T15:46:00,COMPLETED
Q242,L044,L023,Pharmacy,4,2026-06-12T03:42:00,2026-06-12T04:42:00,NEW
Q243,L048,L021,Equipment,1,2026-06-04T03:52:00,,IN_PROGRESS
Q244,L049,L033,Document,2,2026-06-26T07:46:00,,COMPLETED
Q245,L050,L046,Document,3,2026-06-17T11:34:00,,IN_PROGRESS
Q246,L034,L013,Lab,5,2026-06-01T12:54:00,2026-06-01T13:54:00,IN_PROGRESS
Q247,L045,L018,Medical,3,2026-06-06T02:28:00,,NEW
Q248,L034,L045,Lab,5,2026-06-16T04:22:00,2026-06-16T05:22:00,NEW
Q249,L027,L036,Lab,4,2026-06-13T16:55:00,2026-06-13T17:55:00,IN_PROGRESS
Q250,L049,L045,Equipment,3,2026-06-17T02:16:00,,IN_PROGRESS
Q251,L002,L006,Medical,1,2026-06-20T09:27:00,,NEW
Q252,L050,L001,Lab,4,2026-06-08T11:53:00,2026-06-08T12:53:00,NEW
Q253,L006,L016,Medical,4,2026-06-08T20:01:00,2026-06-08T21:01:00,IN_PROGRESS
Q254,L013,L018,Medical,5,2026-06-12T23:06:00,2026-06-12T23:06:00,COMPLETED
Q255,L042,L048,Equipment,4,2026-06-06T08:08:00,2026-06-06T09:08:00,IN_PROGRESS
Q256,L001,L005,Pharmacy,1,2026-06-25T06:37:00,,IN_PROGRESS
Q257,L013,L014,Document,3,2026-06-24T21:58:00,,NEW
Q258,L047,L038,Equipment,3,2026-06-18T18:08:00,,NEW
Q259,L025,L040,Document,1,2026-06-26T06:39:00,,IN_PROGRESS
Q260,L042,L040,Document,1,2026-06-19T14:37:00,,COMPLETED
Q261,L019,L004,Medical,2,2026-06-27T03:08:00,,COMPLETED
Q262,L036,L034,Pharmacy,3,2026-06-05T12:04:00,,NEW
Q263,L039,L031,Document,4,2026-06-01T16:42:00,2026-06-01T17:42:00,IN_PROGRESS
Q264,L019,L039,Equipment,3,2026-06-23T02:34:00,,NEW
Q265,L010,L049,Medical,2,2026-06-03T13:57:00,,COMPLETED
Q266,L020,L022,Pharmacy,3,2026-06-14T08:39:00,,IN_PROGRESS
Q267,L027,L025,Lab,5,2026-06-03T17:22:00,2026-06-03T18:22:00,COMPLETED
Q268,L023,L030,Equipment,2,2026-06-10T03:32:00,,NEW
Q269,L042,L004,Lab,2,2026-06-16T09:20:00,,COMPLETED
Q270,L047,L013,Lab,1,2026-06-24T02:53:00,,IN_PROGRESS
Q271,L031,L005,Medical,1,2026-06-04T21:45:00,,IN_PROGRESS
Q272,L049,L010,Document,2,2026-06-17T12:07:00,,IN_PROGRESS
Q273,L007,L021,Pharmacy,5,2026-06-23T21:39:00,2026-06-23T22:39:00,COMPLETED
Q274,L040,L016,Document,2,2026-06-12T14:00:00,,IN_PROGRESS
Q275,L016,L012,Medical,4,2026-06-13T00:00:00,2026-06-13T01:00:00,COMPLETED
Q276,L017,L036,Equipment,2,2026-06-22T03:20:00,,COMPLETED
Q277,L043,L011,Medical,3,2026-06-26T04:26:00,,IN_PROGRESS
Q278,L017,L046,Equipment,5,2026-06-02T06:55:00,2026-06-02T07:55:00,IN_PROGRESS
Q279,L031,L023,Equipment,4,2026-06-08T12:31:00,2026-06-08T13:31:00,COMPLETED
Q280,L047,L033,Medical,5,2026-06-15T12:58:00,2026-06-15T13:58:00,IN_PROGRESS
Q281,L035,L025,Document,3,2026-06-25T13:26:00,,NEW
Q282,L011,L022,Medical,1,2026-06-07T09:04:00,,NEW
Q283,L034,L037,Pharmacy,2,2026-06-25T03:42:00,,COMPLETED
Q284,L050,L003,Equipment,2,2026-06-25T02:15:00,,NEW
Q285,L005,L030,Document,4,2026-06-21T12:12:00,2026-06-21T13:12:00,IN_PROGRESS
Q286,L021,L049,Equipment,3,2026-06-16T07:29:00,,COMPLETED
Q287,L017,L020,Lab,2,2026-06-12T00:32:00,,NEW
Q288,L019,L011,Document,5,2026-06-26T05:20:00,2026-06-26T06:20:00,COMPLETED
Q289,L048,L008,Lab,5,2026-06-10T08:32:00,2026-06-10T09:32:00,COMPLETED
Q290,L038,L043,Medical,2,2026-06-25T09:47:00,,COMPLETED
Q291,L017,L013,Pharmacy,4,2026-06-19T06:32:00,2026-06-19T07:32:00,COMPLETED
Q292,L047,L021,Document,5,2026-06-10T12:10:00,2026-06-10T13:10:00,NEW
Q293,L033,L026,Pharmacy,5,2026-06-17T04:52:00,2026-06-17T05:52:00,IN_PROGRESS
Q294,L022,L040,Medical,3,2026-06-17T01:35:00,,COMPLETED
Q295,L020,L036,Lab,3,2026-06-23T15:35:00,,COMPLETED
Q296,L006,L043,Lab,3,2026-06-23T19:33:00,,IN_PROGRESS
Q297,L048,L012,Lab,4,2026-06-06T23:27:00,2026-06-06T23:27:00,IN_PROGRESS
Q298,L022,L032,Equipment,1,2026-06-24T12:01:00,,NEW
Q299,L011,L046,Medical,4,2026-06-18T07:33:00,2026-06-18T08:33:00,COMPLETED
Q300,L001,L029,Equipment,1,2026-06-09T22:59:00,,NEW
